{
    "imports": {
    "react": "https://cdn.jsdelivr.net/npm/react@19.0.0/umd/react.production.min.js",
    "react-dom": "https://cdn.jsdelivr.net/npm/react-dom@19.0.0/umd/react-dom.production.min.js",
    "antd": "https://cdn.jsdelivr.net/npm/antd/dist/antd.min.js",
    "zeus_siges_mf_header": "http://localhost:8081/header.js",
    "zeus_siges_mf_menu": "http://localhost:8082/menu.js",
    "app1": "http://localhost:8083/app1.js",
    "app2": "http://localhost:8084/app2.js"
    }
  }
  